{
  "latency_mean_ms": 26.542474000000063,
  "latency_median_ms": 29.77505000000047,
  "latency_p95_ms": 35.36962499999934,
  "throughput_images_per_s": 2411.229638955278,
  "gpu_mem_peak_mb": 1231.06005859375,
  "iters": 100,
  "warmup": 20,
  "batch_size": 64,
  "task": "seg",
  "arch": "unet",
  "device": "cuda",
  "img_h": 128,
  "img_w": 256
}